{
  "type": "payload",
  "name": "Spyron",
  "description": "Its a boat with a mortar for attacking units far away and two flamethrowers to melt near units or buildings",
  "speed":2,
  "flying":true,
  "hitSize": 11,
  "health": 460,
  "armor":3,
  "itemCapacity":40,
  "payloadCapacity":256,
  "range":168,
  "maxRange":168,
  "accel":0.3,
  "ammoType":"graphite",
  "ammoCapacity":30,
  "weapons": [
    {
      "name": "spyron-missile",
      "x": 0,
      "y": -4,
      "reload":40,
      "rotateSpeed": "4.8",
      "shootSound":"missile",
      "shootX": 0,
      "shootY": 2,
      "rotate": true,
      "mirror": false,
      "recoil":1.5
      "bullet": {
        "type": "missileBulletType",
        "collides": true,
        "collidesAir" : false,
        "collidesTiles" : true,
        "range":168,
        "maxRange":168,
        "speed":3,
        "lifetime":56,
        "damage":6,
        "pierce": false,
        "buildingDamageMultiplier": 1,
        "shootEffect": "shootBig",
	"splashDamageRadius":20,
	"splashDamage":14,
        "width":12,
	"height":18,
        "trailColor":"ddd08d",
     }
    },
    {
      "name": "spyron-lancer",
      "x": 3.2,
      "y": 1,
      "reload":24,
      "shootSound":"laser",
      "shootX": 0,
      "shootY": 2,
      "rotate": false,
      "mirror": true,
      "recoil":1.5
      "bullet": {
          "type": "LaserBulletType",
          "damage": 36,
          "length":100,
          "colors": ["FF550099", "FF8800AA", "FFDD99FF"]
      }
    }
  ],
  "research": "2multi-factory"
}