{
  "type":"payload",
  "name":"Stemp",
  "description":"Its an air unit with two missile launcher and can take small payload",
  "flying":true,
  "speed":2.3,
  "hitSize":9,
  "health":110,
  "armor":1,
  "accel":0.09,
  "drag":0.05,
  "itemCapacity":20,
  "payloadCapacity":64,
  "range":144,
  "lowAltitude":"true",
  "ammoType":"silicon",
  "ammoCapacity":30,
  "maxRange":144,
  "weapons":[{
      "name": "stemp-missile",
      "x": 3,
      "y": -1,
      "reload": 35,
      "shootSound":"missile",
      "shootX": 0,
      "shootY": 4,
      "rotate": false,
      "mirror": true,
      "recoil": 1.2,
      "bullet": {
          "type":"missileBulletType",
          "collides":true,
          "collidesAir":true,
          "collidesTiles":true,
          "range":144,
          "maxRange":144,
          "speed":3,
          "lifetime":50,
          "damage":11,
          "pierce":false,
          "buildingDamageMultiplier":1,
          "shootEffect": "shootSmall",
          "width":8,
          "height":15,
          "weaveMag":3,
          "weaveScale":3,
      }
  }],
  "research":"2multi-factory"
}