{
    "type": "Reconstructor",
    "name": "Resize Reconstructor",
    "description": "Upgrades basic units to tier 2",
    "health": 360,
    "size": 3,
    "constructTime": 900,
    "upgrades": [
        ["1-1electron", "1-2voltage"]
        ["stemp", "spyron"]
    ],
    "consumes": {
        "power": 3,
        "items": {
            "items": [
		"silicon/40"
		"2aluminium/40",
            ]
        }
    },
    "requirements": [
	"copper/160",
	"silicon/100",
	"2aluminium/100",
    ],
    "category": "units",
    "research": "1multi-factory"
}