{
  "type":"tank",
  "name":"Amperium",
  "description":"Its an electric tank with 2 defense lasers that shoots electric bullets to enemy targets",
  "speed":0.63,
  "squareShape": true,
  "hitSize":20.8,
  "health":1100,
  "armor":9,
  "itemCapacity":70,
  "range":208,
  "maxRange":208,
  "ammoType":"copper",
  "ammoCapacity":48,
  "singleTarget":true,
  "omniMovement":false,
  "faceTarget":false,
  "rotateSpeed":1.7,
  "treadRects":[
    {
      "x":9,
      "y":-48,
      "width":18,
      "height":96,
    }
  ],

  "weapons":[{
     "name":"amperium-turret",
      "x":0,
      "y":0,
      "reload":160,
      "rotateSpeed":2,
      "shootSound":"shootBig",
      "shootX":0,
      "shootY":12,
      "rotate":true,
      "mirror":false,
      "recoil":1,
      "shake":0.5,
      "layerOffset":0.0001,
      "bullet": {
          "type": "BasicBulletType",
          "collides":true,
          "collidesAir":true,
          "collidesTiles":true,
	  "width":10,
	  "height":14,
	  "speed":4,
	  "lifetime":54,
          "range":208,
          "maxRange":208,
          "damage":80,
	  "splashDamage":20,
	  "splashDamageRadius":19.2,
	  "lightningLength":8,
	  "lightning":4,
	  "lightningDamage":4,
	  "lightningAngle":0,
	  "lightningColor":a9d8ff,
          "buildingDamageMultiplier": 1,
          "shootEffect":"shootBig",
	  "status":"shocked",
     }
    },
    {
"type":"PointDefenseWeapon",
      "name":"amperium-defense-point",
      "x":10,
      "y":-2,
      "mirror":true,
      "reload":12,
      "shootSound":"lasershoot",
      "targetInterval": 5,
      "targetSwitchInterval": 8,
      "bullet": {
        "shootEffect":"sparkShoot",
        "hitEffect":"pointHit",
        "maxRange":96,
        "damage":20,
     }
    }
  ],
  "research":"1-2voltage"
}