{
  "type":"tank",
  "name":"tanqueverde",
  "description":"Its a small tank that shoots missiles and bullets",
  "speed":0.8025,
  "squareShape":true,
  "hitSize":8,
  "health":170,
  "treadPullOffset":1,
  "armor":2,
  "itemCapacity":30,
  "range":128,
  "maxRange":128,
  "ammoType":"silicon",
  "ammoCapacity":30,
  "singleTarget":true,
  "omniMovement":false,
  "faceTarget":false,
  "rotateSpeed": 3
  "treadRects":[
    {
      "x":7,
      "y":-19,
      "width":14,
      "height":38,
    }
  ],

  "weapons":[{
      "name":"strap-turret",
      "x": 0,
      "y": 0,
      "reload":25,
      "rotateSpeed":3.8,
      "shootSound":"pew",
      "shootX": 0,
      "shootY": 4,
      "rotate": true,
      "mirror": false,
      "recoil": 1.2,
      "shake":1,
      "bullet": {
          "type":"BasicBulletType",
          "collides":true,
          "collidesAir":true,
          "collidesTiles":true,
          "shootEffect": "shootSmall",
	  "width":8,
	  "height":11,
	  "speed":3,
	  "lifetime":44,
          "range":128,
          "maxRange":128,
          "damage":6,
          "buildingDamageMultiplier":1,
     }
    },
    {
      "name":"strap-missile",
      "x": 0,
      "y": 0,
      "reload":25,
      "rotateSpeed":3.8,
      "shootSound":"missile",
      "shootX":0,
      "shootY":4,
      "rotate":true,
      "mirror":false,
      "recoil":1.2,
      "shake":1,
      "bullet":{
          "type":"missileBulletType",
          "collides":true,
          "collidesAir":true,
          "collidesTiles":true,
          "shootEffect": "shootSmall",
	  "width":8,
	  "height":11,
	  "speed":2.6,
	  "lifetime":52,
          "range":128,
          "maxRange":128,
          "damage":6,
          "buildingDamageMultiplier":1,
	  "splashDamageRadius":20,
	  "splashDamage":4,
          "weaveMag":3,
          "weaveScale":5,
     }
    }
  ],
  "research": "2multi-factory"
}