{
  "type":"ItemTurret",
  "name":"Muro de Pyrotita",
  "description": "Un muro diseñado especialmente para resistir y dañar a los enemigos",
  "health":2750,
  "reload":30,
  "coolantMultiplier":1,
  "range":16,
  "maxRange":16,
  "size":2,
  "researchCostMultiplier":1,
  "inaccuracy":2,
  "targetAir":false,
  "targetGround":true,
  "ammoTypes":{
      "pyratite":{
        "type":"fireBulletType",
        "collides": true,
        "collidesAir" : false,
        "collidesTiles" : true,
        "fireTrailChance" : 0,
        "speed":2,
        "lifetime":8,
        "damage":15,
        "pierce":true,
        "pierceBuilding":true,
        "shootEffect":"shootSmall",
        "colorFrom":"e79a31",
        "colorMid":"e56910",
        "colorTo":"666633aa",
        "fireEffectChance":0.1,
        "fireEffectChance2":0.1,
        "velMin":4.4,
        "velMax":4.8,
        "ammoMultiplier":3,
        "status":"burning",
        "statusDuration":30
    }}
  "requirements":[{
      "item":"coal",
      "amount": 310
    },{
      "item":"pyratite",
      "amount": 150
    }],
  "category":"turret",
  "research":"scorch"
}