{
  "type": "ItemTurret",
  "name": "Smecat",
  "description": "Fires A.B.R(Anti Building Rounds)",
  "health": 2700,
  "reload":88,
  "rotateSpeed": 3,
  "coolantMultiplier":0.7,
  "minWarmup":1,
  "linearWarmup":true,
  "shootWarmupSpeed":0.03,
  "warmupMaintainTime":360,
  "buildCostMultiplier":0.5,
  "range":362,
  "size":4,
  "recoil":4,
  "recoilTime":280,
  "consumes": { 
    "coolant": { 
       "amount": 1.5,
    } 
  },
  "suppressable":true,
  "researchCostMultiplier": 0.8,
  "inaccuracy": 0,
  "targetAir": true,
  "targetGround": true,
  "ammoPerShot":3,
  "ammoTypes":{
      "thorium":{
      "type": "BasicBulletType",
      "absorbable": false,
      "height":28,
      "width":24,
      "frontColor":"ffe8e8",
      "backColor":"f9c2ba",
      "damage":0,
      "splashDamageRadius":64,
      "splashDamage":350,
      "speed":4,
      "lifetime":92,
      "hitSize":20,
      "buildingDamageMultiplier":1,
        "lengthWidthPans":[
        1.2,1.5,0.3
        1.0,1.35,0.3
        0.8,1.2,0.3
        0.6,1.05,0.3
        0.4,0.9,0.3
        ],
    },
    }
    "drawer": {
    "type": "DrawTurret",
    "parts": [{
        "type":"RegionPart",
        "suffix":"-part",
        "mirror":true,
        "progress":"warmup",
        "x":8,
        "y":10,
        "moveX":7,
        "rotation":45,
        "under": false,
        "moves":[{
        "type":"PartMove",
        "progress":"recoil",
        "x":10,
        "y":-5,
        "rot":-10,
          }]}/*,
          {
        "type":"RegionPart",
        "suffix":"-jawh",
        "mirror":true,
        "progress":"warmup",
        "heatProgress":"warmup",
        "heat":true,
        "heatColor":"",
        "x":12,
        "y":10,
        "moveX":7,
        "rotation":45,
        "under": false,
        "moves":[{
        "type":"PartMove",
        "progress":"recoil",
        "x":10,
        "y":-5,
        "rot":-10,
          }]}*/]},
  "requirements":[{
      "item": "silicon",
      "amount": 2500
  },{
      "item": "copper",
      "amount": 6000
    },{
      "item": "lead",
      "amount": 3500
    }],
  "category": "turret",
  "research":"PMS"
}
