{
  "type":"naval",
  "name":"Droid",
  "description":"Its a fast explosive boat that explodes to destroy units and buildings",
  "speed":1.2,
  "hitSize":8,
  "health":220,
  "armor":3,
  "accel":0.3,
  "itemCapacity":10,
  "range":60,
  "ammoType":"coal",
  "ammoCapacity":10,
  "maxRange":60,
  "weapons": [
    {
	"shootOnDeath":"true",
	"targetUnderBlocks":"false",
	"shootSound":"Sounds.explosion",
	"mirror":"false",
	"shootCone":180,
	"shootY":0,
	"reload":24,
	"range":60,
      "bullet": {
        "collides": false,
        "collidesTiles": false,
        "hitSound":"explosion",
        "hitEffect":"pulverize",
        "speed":0,
        "splashDamageRadius":60,
        "instantDisappear":true,
        "splashDamage":160,
        "killShooter":true,
        "hittable":false,
        "collidesAir":true,
        "damage":0
      }
    }
  ],
  "research": "1explosive-naval-facility"
}