{
  "type": "naval",
  "name": "Oxtron",
  "description": "Its a boat with a mortar for attacking units far away and two flamethrowers to melt near units or buildings",
  "speed": 1,
  "hitSize": 9,
  "health": 280,
  "armor":3,
  "itemCapacity":40,
  "range":216,
  "accel":0.3,
  "ammoType":"graphite",
  "ammoCapacity":30,
  "maxRange":216,
  "weapons": [
    {
      "name": "oxtron-artillery",
      "x": 0,
      "y": -3.5,
      "reload":96,
      "rotateSpeed": "3.2",
      "shootSound": "artillery",
      "shootX": 0,
      "shootY": 2,
      "rotate": true,
      "mirror": false,
      "recoil":1.5
      "bullet": {
        "type": "artilleryBulletType",
        "collides": true,
        "collidesAir" : false,
        "collidesTiles" : true,
        "range":216,
        "maxRange":216,
        "speed": 3,
        "lifetime": 74,
        "damage": 6,
        "pierce": false,
        "buildingDamageMultiplier": 1,
        "shootEffect": "shootBig",
	"splashDamageRadius":20,
	"splashDamage":26,
        "width":12,
	"height":18,
        "trailColor":"ddd08d",
     }
    },
    {
      "name": "oxtron-flamethrower",
      "x": 3.2,
      "y": 0,
      "controllable":"false",
      "autoTarget":"true",
      "reload": 7,
      "rotateSpeed":"6.1",
      "shootSound":"flame",
      "shootX": 0,
      "shootY": 2,
      "rotate": true,
      "mirror": true,
      "recoil":1.5
      "bullet": {
        "type": "fireBulletType",
        "collides": true,
        "collidesAir" : true,
        "collidesTiles" : true,
        "range":48,
        "maxRange":48,
        "speed": 4,
        "lifetime": 11,
        "damage": 16,
        "pierce":"true",
        "pierceBuilding": true,
        "buildingDamageMultiplier": 1,
        "shootEffect": "shootSmallFlame",
	"fireTrailChance":0,
        "velMin":5.9,
        "velMax":6.3,
	"status":"burning",
        "trailColor":"ddd08d",
     }
    }
  ],
  "research": "2multi-factory"
}